{
  "customers": [
    {
      "id": 1,
      "firstName": "Racheldsf",
      "lastName": "Green ",
      "gender": "female",
      "address": "some address"
    },
    {
      "id": 2,
      "firstName": "Chandler",
      "lastName": "Bing",
      "gender": "male",
      "address": "West Street"
    },
    {
      "id": 3,
      "firstName": "Joey",
      "lastName": "Trib",
      "gender": "male",
      "address": "some address"
    },
    {
      "id": 4,
      "firstName": "Monica",
      "lastName": "Geller",
      "gender": "female",
      "address": "some address"
    },
    {
      "id": 5,
      "firstName": "Ross",
      "lastName": "Geller",
      "gender": "male",
      "address": "some address"
    }
  ],
  "orders": [
    {
      "id": 100,
      "product": "First",
      "qty": 23,
      "customer_id": 1
    },
    {
      "id": 101,
      "product": "Second",
      "qty": 4,
      "customer_id": 1
    },
    {
      "id": 102,
      "product": "First",
      "qty": 23,
      "customer_id": 3
    }
  ]
}